{"cameraMode":{"drawMode":0,"name":"Shaded","section":"Shading Mode"},"sceneLighting":true,"audioPlay":false,"sceneViewState":{"showFog":true,"showMaterialUpdate":false,"showSkybox":true,"showFlares":true,"showImageEffects":true,"showParticleSystems":true},"in2DMode":false,"pivot":{"x":-52.714290618896487,"y":-48.18721389770508,"z":-106.61782836914063},"rotation":{"x":-0.04897385463118553,"y":0.9503646492958069,"z":-0.19750691950321198,"w":-0.23557712137699128},"size":67.34930419921875,"orthographic":false}